model,strategy,train_s,pr_auc,roc_auc,threshold,precision,recall,f1,mcc,tp,fp,fn,tn,spw
random_forest,smote_enn,214.9,0.7947492420046283,0.9706551621568026,0.718056,0.975,0.75,0.8478260869565217,0.8549846336800033,39,1,13,42669,
random_forest,optuna_smote_enn,214.4,0.79362894298057,0.9735415802851942,0.703911,0.951219512195122,0.75,0.8387096774193549,0.8444771308966321,39,2,13,42668,
random_forest,smote,105.9,0.7904806063078802,0.9657836977880334,0.652222,0.975,0.75,0.8478260869565217,0.8549846336800033,39,1,13,42669,
rf+mlp+lstm,stack_avg,,0.785000464114111,0.9844997196273476,0.73659,0.9743589743589745,0.7307692307692307,0.8351648351648352,0.8436640303823698,38,1,14,42662,
random_forest,class_weight,27.0,0.7836473139703317,0.9444863081610212,0.339606,0.8297872340425532,0.75,0.7878787878787878,0.7886421486905196,39,8,13,42662,
catboost,gan,8.1,0.7825239205767008,0.971802383227272,0.947406,0.975,0.75,0.8478260869565217,0.8549846336800033,39,1,13,42669,
random_forest,optuna,24.6,0.7824041140754835,0.9508344450253284,0.348744,0.8297872340425532,0.75,0.7878787878787878,0.7886421486905196,39,8,13,42662,
bilstm,class_weight,10.9,0.7811239429967135,0.9802603228522644,0.9909,0.951219512195122,0.75,0.8387096774193549,0.8444771043817199,39,2,13,42661,518.2
lstm,class_weight,24.3,0.779860522732354,0.9707033116427674,0.997185,0.9487179487179488,0.7115384615384616,0.8131868131868132,0.8214345717305164,37,2,15,42661,518.2
xgboost,smote_enn,132.8,0.7766128274300323,0.9731844116745688,0.992504,0.8863636363636364,0.75,0.8125,0.8151321643758136,39,5,13,42665,
dnn,raw,33.6,0.7752427269973887,0.9765021362513745,0.118073,0.9047619047619048,0.7307692307692307,0.8085106382978723,0.812925376879446,38,4,14,42666,
lightgbm,gan,7.5,0.7751634295721025,0.9812338879775018,0.990921,0.9736842105263158,0.7115384615384616,0.8222222222222222,0.8321904264162567,37,1,15,42669,
lstm_ensemble,mean5,113.7,0.775013743372359,0.983965118396593,0.995033,1.0,0.7115384615384616,0.8314606741573034,0.8433791423355154,37,0,15,42663,
mlp,raw,46.4,0.7746214999320733,0.9710853418903572,0.549308,0.972972972972973,0.6923076923076923,0.8089887640449438,0.8205573570626286,36,1,16,42669,
lightgbm,smote,10.5,0.7704637598548838,0.9634633412053144,0.997997,1.0,0.7115384615384616,0.8314606741573034,0.843379166649463,37,0,15,42670,
xgboost,smote,3.0,0.7704344713567879,0.9602035297723134,0.983576,0.9047619047619048,0.7307692307692307,0.8085106382978723,0.812925376879446,38,4,14,42666,
xgboost,gan,3.0,0.7694203708945899,0.9793045014512088,0.955828,0.9736842105263158,0.7115384615384616,0.8222222222222222,0.8321904264162567,37,1,15,42669,
xgboost,class_weight,10.3,0.7688121023720789,0.9823732220439508,0.871756,0.9473684210526316,0.6923076923076923,0.8,0.8096706420078524,36,2,16,42668,16.0
xgboost,optuna,2.6,0.7684861582399306,0.976460673144526,0.838165,0.9285714285714286,0.75,0.8297872340425532,0.8343469683106631,39,3,13,42667,73.5
random_forest,rus,0.5,0.7678130692731417,0.9808697337347444,0.819556,0.7647058823529411,0.75,0.7572815533980582,0.7570244040292399,39,12,13,42658,
lightgbm,smote_enn,162.5,0.7675545084422101,0.9692176993383932,0.999978,0.9487179487179488,0.7115384615384616,0.8131868131868132,0.8214346011341345,37,2,15,42668,
catboost,optuna,6.8,0.7659910465109,0.9761605163058176,0.166433,0.8666666666666667,0.75,0.8041237113402062,0.8060085092968481,39,6,13,42664,4.1
mlp,smote,29.6,0.7658865314658732,0.9607209172360331,0.999761,0.9,0.6923076923076923,0.782608695652174,0.7891343787278728,36,4,16,42666,
catboost,class_weight,26.7,0.7651606580242643,0.9620526942005734,0.734028,0.8666666666666667,0.75,0.8041237113402062,0.8060085092968481,39,6,13,42664,22.8
random_forest,gan,133.8,0.762029758519354,0.9871160155757062,0.868667,0.9473684210526316,0.6923076923076923,0.8,0.8096706420078524,36,2,16,42668,
catboost,class_weight_fixed,5.0,0.7620041011314336,0.9442546555858016,0.56303,0.8444444444444444,0.7307692307692307,0.7835051546391752,0.7853125584571649,38,7,14,42663,518.2
xgboost,class_weight_fixed,2.0,0.7609920437031575,0.980575886499252,0.922028,0.902439024390244,0.7115384615384616,0.7956989247311828,0.8011151257522823,37,4,15,42666,518.2
lstm,smote_enn,32.2,0.7584588050846481,0.9613649189804172,0.999776,0.9142857142857144,0.6153846153846154,0.735632183908046,0.7498564748851451,32,3,20,42660,
lightgbm,rus,0.7,0.7559439059499772,0.975789151087956,0.999999,0.945945945945946,0.6730769230769231,0.7865168539325843,0.7977355474757941,35,2,17,42668,
graphsage,class_weight,1.8,0.7557536193384715,0.9226221809594202,0.738112,0.902439024390244,0.7115384615384616,0.7956989247311828,0.8011151257522823,37,4,15,42666,518.2
catboost,smote_enn,148.9,0.7545536204020399,0.9487259108362928,0.997266,0.9736842105263158,0.7115384615384616,0.8222222222222222,0.8321904264162567,37,1,15,42669,
lightgbm,optuna,2.4,0.7533574002855378,0.9769803140379658,0.623481,0.8666666666666667,0.75,0.8041237113402062,0.8060085092968481,39,6,13,42664,14.9
catboost,raw,34.5,0.7522070990698858,0.9597415766797064,0.27315,0.902439024390244,0.7115384615384616,0.7956989247311828,0.8011151257522823,37,4,15,42666,
graphsage,optuna,27.0,0.7513184888155201,0.9766914243478576,0.999974,0.8863636363636364,0.75,0.8125,0.8151321643758136,39,5,13,42665,172.1
lstm,gan,18.6,0.750074028387969,0.9526794520202156,0.791145,0.9714285714285714,0.6538461538461539,0.7816091954022989,0.7967849898584342,34,1,18,42662,518.2
random_forest,raw,47.9,0.7490655899059545,0.9404918786392892,0.416139,0.902439024390244,0.7115384615384616,0.7956989247311828,0.8011151257522823,37,4,15,42666,
mlp,class_weight,11.2,0.7469657768024006,0.9640388671558112,0.993983,0.8222222222222222,0.7115384615384616,0.7628865979381443,0.7646166076174817,37,8,15,42662,518.2
linear_svc,raw,1.4,0.7468870244397848,0.9544721566223792,0.355967,0.8333333333333334,0.6730769230769231,0.7446808510638298,0.7486606025857945,35,7,17,42663,
gat,class_weight,775.0,0.7448434343128484,0.9664567972454076,0.999994,0.9,0.6923076923076923,0.782608695652174,0.7891343787278728,36,4,16,42666,518.2
catboost,smote,9.1,0.7430318527802274,0.954847578013737,0.941814,0.8372093023255814,0.6923076923076923,0.7578947368421053,0.7610582220106498,36,7,16,42663,
logreg,smote_enn,106.3,0.7378892950455207,0.9747687981107244,1.0,0.9705882352941176,0.6346153846153846,0.7674418604651163,0.7846305049879378,33,1,19,42669,
logreg,smote,2.7,0.7287131976567189,0.9740267437039174,1.0,0.9705882352941176,0.6346153846153846,0.7674418604651163,0.7846305049879378,33,1,19,42669,
xgboost,rus,0.8,0.7231073625755317,0.9763101440392276,0.998602,0.74,0.7115384615384616,0.7254901960784313,0.7253020050442873,37,13,15,42657,
logreg,class_weight,0.6,0.7203835163670721,0.9767542950370464,0.999999,0.9428571428571428,0.6346153846153846,0.7586206896551724,0.77332076700945,33,2,19,42668,
mlp,gan,37.4,0.7192307373800789,0.9106524129725442,0.999955,0.9166666666666666,0.6346153846153846,0.75,0.7624853298705692,33,3,19,42667,
xgboost,raw,2.6,0.7136743239906329,0.971139874889582,0.261268,0.7872340425531915,0.7115384615384616,0.7474747474747475,0.748139550435824,37,10,15,42660,
linear_svc,rus,0.1,0.7099502251781135,0.9612410088154172,0.910206,0.75,0.6346153846153846,0.6875,0.689554770734014,33,11,19,42659,
fttransformer,class_weight,39.2,0.6811034057705401,0.9803496421553604,0.965338,0.7916666666666666,0.7307692307692307,0.76,0.7603291675861974,38,10,14,42660,518.2
catboost,rus,42.0,0.6702620123925029,0.9688702204755638,0.997577,0.62,0.5961538461538461,0.6078431372549019,0.6074916861718787,31,19,21,42651,
logreg,raw,0.4,0.6493598667580016,0.9666992662832832,0.16426,0.6226415094339622,0.6346153846153846,0.6285714285714286,0.6281430271701146,33,20,19,42650,
logreg,rus,0.1,0.6267825035591329,0.9699734996664924,0.999999,0.7380952380952381,0.5961538461538461,0.6595744680851063,0.6629742368609258,31,11,21,42659,
linear_svc,smote_enn,96.9,0.6136679899329468,0.9728524814768076,0.993877,0.673469387755102,0.6346153846153846,0.6534653465346535,0.653344556860254,33,16,19,42654,
linear_svc,smote,4.3,0.6061330910526778,0.9725820699104036,0.997642,0.7045454545454546,0.5961538461538461,0.6458333333333334,0.6476956395200808,31,13,21,42657,
linear_svc,gan,5.3,0.5916027847378689,0.958636044059058,0.995363,0.6904761904761905,0.5576923076923077,0.6170212765957447,0.6201310539984914,29,13,23,42657,
linear_svc,class_weight,4.9,0.5864464290212158,0.9600548034107912,0.156247,0.66,0.6346153846153846,0.6470588235294118,0.6467617924626815,33,17,19,42653,518.2
autoencoder,anomaly,37.1,0.5844867896214765,0.9406180707036108,2.690054,0.6481481481481481,0.6730769230769231,0.660377358490566,0.6600734519977816,35,19,17,42651,
logreg,gan,0.8,0.5684720282833432,0.9526018099547512,0.996324,0.6274509803921569,0.6153846153846154,0.6213592233009708,0.6209316119848707,32,19,20,42651,
lightgbm,class_weight,15.0,0.5372762495346985,0.8238322727190786,0.06598,0.725,0.5576923076923077,0.6304347826086957,0.6354837838395685,29,11,23,42659,1.0
lightgbm,raw,4.3,0.5372762495346985,0.8238322727190786,0.06598,0.725,0.5576923076923077,0.6304347826086957,0.6354837838395685,29,11,23,42659,
graphsage,raw,1.5,0.4876317712435232,0.8520294388058627,0.525711,0.6,0.4615384615384615,0.5217391304347826,0.5257333589193511,24,16,28,42654,
decision_tree,class_weight,5.9,0.4053806929567211,0.855441131401994,1.0,0.5692307692307692,0.7115384615384616,0.6324786324786325,0.6359293051178553,37,28,15,42642,518.2
decision_tree,raw,11.3,0.2622235818871919,0.8167569540841161,1.0,0.4125,0.6346153846153846,0.5,0.5109229024686753,33,47,19,42623,
gaussian_nb,gan,0.3,0.0789603399332972,0.949138288475059,1.0,0.0967741935483871,0.6923076923076923,0.1698113207547169,0.2568596887784971,36,336,16,42334,
gaussian_nb,raw,0.2,0.0554547024483729,0.9574750770672964,1.0,0.0707964601769911,0.6153846153846154,0.1269841269841269,0.2063581665506587,32,420,20,42250,
gaussian_nb,smote,0.4,0.054722083759751,0.9550726956427684,1.0,0.0669456066945606,0.6153846153846154,0.120754716981132,0.2005272079762511,32,446,20,42224,
gaussian_nb,smote_enn,90.6,0.0545654716250872,0.9552694200573272,1.0,0.0679405520169851,0.6153846153846154,0.1223709369024856,0.2020498728750572,32,439,20,42231,
decision_tree,smote_enn,114.1,0.0545644788601981,0.859830361810676,1.0,0.07421875,0.7307692307692307,0.1347517730496454,0.2305940716727161,38,474,14,42196,
gaussian_nb,rus,0.1,0.0504942156187645,0.9575647635701536,1.0,0.0634920634920634,0.6153846153846154,0.1151079136690647,0.1951497530275462,32,472,20,42198,
decision_tree,smote,30.6,0.0484807654338151,0.849793135151701,1.0,0.0676416819012797,0.7115384615384616,0.1235392320534223,0.2169616935089121,37,510,15,42160,
decision_tree,gan,41.2,0.022442058068983,0.9127368354635756,1.0,0.0257437070938215,0.8653846153846154,0.05,0.1452918732723886,45,1703,7,40967,
decision_tree,rus,0.0,0.009001359714985,0.8740963746822664,1.0,0.0104166666666666,0.8461538461538461,0.0205799812909261,0.0873967835368725,44,4180,8,38490,
lightgbm,class_weight_fixed,1.4,0.0087146413114426,0.8945568405112581,1.0,0.009512244484922,0.903846153846154,0.0188263568996595,0.0860358586831393,47,4894,5,37776,518.2
